Temperatura,RecNbr,Pressao_do_ar,Velocidade_do_vento,Precipitacao,PTemp_C,Umidade,BattV,Direcao_do_vento,Datetime
22.6,1,913.0,0.0,0.0,24.22,54.5,11.98,0.6,2017-05-05 17:28:45
22.6,2,913.0,0.0,0.0,24.22,54.5,11.98,0.6,2017-05-05 17:29:00
22.6,3,913.0,0.0,0.0,24.22,54.5,11.97,0.6,2017-05-05 17:29:15
22.5,4,913.0,0.0,0.0,24.22,55.3,11.98,0.6,2017-05-05 17:29:30
22.5,5,913.0,0.0,0.0,24.19,55.3,11.98,0.6,2017-05-05 17:29:45
22.5,6,913.0,0.0,0.0,24.19,55.3,11.97,0.6,2017-05-05 17:30:00
22.5,7,913.0,0.0,0.0,24.19,55.3,11.98,0.6,2017-05-05 17:30:15
22.5,8,913.0,0.0,0.0,24.19,57.9,11.98,0.6,2017-05-05 17:30:30
22.5,9,913.0,0.0,0.0,24.19,57.9,11.97,0.6,2017-05-05 17:30:45
22.5,10,913.0,0.0,0.0,24.19,57.9,11.97,0.6,2017-05-05 17:31:00
22.5,11,913.0,0.0,0.0,24.19,57.9,11.98,0.6,2017-05-05 17:31:15
22.6,12,913.0,0.0,0.0,24.19,59.4,11.98,0.6,2017-05-05 17:31:30
22.6,13,913.0,0.0,0.0,24.19,59.4,11.98,0.6,2017-05-05 17:31:45
22.6,14,913.0,0.0,0.0,24.22,59.4,11.98,0.6,2017-05-05 17:32:00
22.6,15,913.0,0.0,0.0,24.19,59.4,11.98,0.6,2017-05-05 17:32:15
22.7,16,913.0,0.0,0.0,24.22,61.2,11.98,0.6,2017-05-05 17:32:30
22.7,17,913.0,0.0,0.0,24.22,61.2,11.98,0.6,2017-05-05 17:32:45
22.7,18,913.0,0.0,0.0,24.22,61.2,11.97,0.6,2017-05-05 17:33:00
22.7,19,913.0,0.0,0.0,24.22,61.2,11.97,0.6,2017-05-05 17:33:15
22.7,20,913.0,0.0,0.0,24.22,62.3,11.98,0.6,2017-05-05 17:33:30
22.7,21,913.0,0.0,0.0,24.22,62.3,11.98,0.6,2017-05-05 17:33:45
22.7,22,913.0,0.0,0.0,24.22,62.3,11.97,0.6,2017-05-05 17:34:00
22.7,23,913.0,0.0,0.0,24.22,62.3,11.98,0.7,2017-05-05 17:34:15
22.8,24,913.0,0.0,0.0,24.22,63.3,11.98,0.7,2017-05-05 17:34:30
22.8,25,913.0,0.0,0.0,24.22,63.3,11.97,0.7,2017-05-05 17:34:45
22.8,26,913.0,0.0,0.0,24.22,63.3,11.98,0.7,2017-05-05 17:35:00
22.8,27,913.0,0.0,0.0,24.25,63.3,11.97,0.7,2017-05-05 17:35:15
22.9,28,913.0,0.0,0.0,24.25,64.2,11.98,0.7,2017-05-05 17:35:30
22.9,29,913.0,0.0,0.0,24.25,64.2,11.98,0.7,2017-05-05 17:35:45
22.9,30,913.0,0.0,0.0,24.25,64.2,11.98,0.7,2017-05-05 17:36:00
22.9,31,913.0,0.0,0.0,24.25,64.2,11.98,0.7,2017-05-05 17:36:15
23.0,32,913.0,0.0,0.0,24.28,64.5,11.98,0.7,2017-05-05 17:36:30
23.0,33,913.0,0.0,0.0,24.28,64.5,11.98,0.7,2017-05-05 17:36:45
23.0,34,913.0,0.0,0.0,24.28,64.5,11.98,0.7,2017-05-05 17:37:00
23.0,35,913.0,0.0,0.0,24.28,64.5,11.97,0.7,2017-05-05 17:37:15
23.1,36,913.0,0.0,0.0,24.28,64.5,11.98,0.7,2017-05-05 17:37:30
23.1,37,913.0,0.0,0.0,24.28,64.5,11.98,0.7,2017-05-05 17:37:45
23.1,38,913.0,0.0,0.0,24.28,64.5,11.97,0.7,2017-05-05 17:38:00
23.1,39,913.0,0.0,0.0,24.28,64.5,11.98,0.7,2017-05-05 17:38:15
23.1,40,913.0,0.0,0.0,24.3,64.8,11.98,0.7,2017-05-05 17:38:30
23.1,41,913.0,0.0,0.0,24.3,64.8,11.98,0.7,2017-05-05 17:38:45
23.1,42,913.0,0.0,0.0,24.3,64.8,11.97,0.7,2017-05-05 17:39:00
23.1,43,913.0,0.0,0.0,24.3,64.8,11.97,0.7,2017-05-05 17:39:15
23.2,44,913.0,0.0,0.0,24.3,64.5,11.97,0.7,2017-05-05 17:39:30
23.2,45,913.0,0.0,0.0,24.33,64.5,11.97,0.7,2017-05-05 17:39:45
23.2,46,913.0,0.0,0.0,24.33,64.5,11.97,0.7,2017-05-05 17:40:00
23.2,47,913.0,0.0,0.0,24.33,64.5,11.98,0.7,2017-05-05 17:40:15
23.3,48,913.0,0.0,0.0,24.33,64.2,11.97,0.7,2017-05-05 17:40:30
23.3,49,913.0,0.0,0.0,24.33,64.2,11.97,0.7,2017-05-05 17:40:45
23.3,50,913.0,0.0,0.0,24.33,64.2,11.98,0.7,2017-05-05 17:41:00
23.3,51,913.0,0.0,0.0,24.33,64.2,11.98,0.7,2017-05-05 17:41:15
23.4,52,913.0,0.0,0.0,24.33,64.0,11.98,0.7,2017-05-05 17:41:30
23.4,53,913.0,0.0,0.0,24.36,64.0,11.98,0.7,2017-05-05 17:41:45
23.4,54,913.0,0.0,0.0,24.36,64.0,11.98,0.7,2017-05-05 17:42:00
23.4,55,913.0,0.0,0.0,24.36,64.0,11.98,0.7,2017-05-05 17:42:15
23.5,56,913.0,0.0,0.0,24.36,63.7,11.98,0.7,2017-05-05 17:42:30
23.5,57,913.0,0.0,0.0,24.36,63.7,11.98,0.7,2017-05-05 17:42:45
23.5,58,913.0,0.0,0.0,24.39,63.7,11.98,0.7,2017-05-05 17:43:00
23.5,59,913.0,0.0,0.0,24.39,63.7,11.97,0.7,2017-05-05 17:43:15
23.5,60,913.0,0.0,0.0,24.39,63.0,11.98,0.6,2017-05-05 17:43:30
23.5,61,913.0,0.0,0.0,24.39,63.0,11.97,0.6,2017-05-05 17:43:45
23.5,62,913.0,0.0,0.0,24.39,63.0,11.98,0.6,2017-05-05 17:44:00
23.5,63,913.0,0.0,0.0,24.39,63.0,11.98,0.6,2017-05-05 17:44:15
23.6,64,913.0,0.0,0.0,24.42,62.6,11.97,0.6,2017-05-05 17:44:30
23.6,65,913.0,0.0,0.0,24.45,62.6,11.98,0.6,2017-05-05 17:44:45
23.6,66,913.0,0.0,0.0,24.45,62.6,11.98,0.6,2017-05-05 17:45:00
23.6,67,913.0,0.0,0.0,24.45,62.6,11.98,0.6,2017-05-05 17:45:15
23.6,68,913.0,0.0,0.0,24.45,60.0,11.98,0.6,2017-05-05 17:45:30
23.6,69,913.0,0.0,0.0,24.45,60.0,11.98,0.6,2017-05-05 17:45:45
23.6,70,913.0,0.0,0.0,24.45,60.0,11.98,0.6,2017-05-05 17:46:00
23.6,71,913.0,0.0,0.0,24.42,60.0,11.98,0.6,2017-05-05 17:46:15
23.4,72,913.0,0.0,0.0,24.42,57.9,11.98,0.5,2017-05-05 17:46:30
23.4,73,913.0,0.0,0.0,24.39,57.9,11.97,0.5,2017-05-05 17:46:45
23.4,74,913.0,0.0,0.0,24.39,57.9,11.98,0.7,2017-05-05 17:47:00
23.4,75,913.0,0.0,0.0,24.39,57.9,11.97,0.7,2017-05-05 17:47:15
23.2,76,913.0,0.0,0.0,24.39,56.7,11.97,0.7,2017-05-05 17:47:30
23.2,77,913.0,0.0,0.0,24.36,56.7,11.98,0.7,2017-05-05 17:47:45
23.2,78,913.0,0.0,0.0,24.36,56.7,11.98,0.7,2017-05-05 17:48:00
23.2,79,913.0,0.0,0.0,24.33,56.7,11.98,0.7,2017-05-05 17:48:15
22.9,80,913.0,0.0,0.0,24.33,55.7,11.97,0.7,2017-05-05 17:48:30
22.9,81,913.0,0.0,0.0,24.33,55.7,11.98,0.7,2017-05-05 17:48:45
22.9,82,913.0,0.0,0.0,24.33,55.7,11.98,0.7,2017-05-05 17:49:00
22.9,83,913.0,0.0,0.0,24.3,55.7,11.97,0.7,2017-05-05 17:49:15
22.8,84,913.0,0.0,0.0,24.3,58.0,11.98,0.7,2017-05-05 17:49:30
22.8,85,913.0,0.0,0.0,24.3,58.0,11.97,0.7,2017-05-05 17:49:45
22.8,86,913.0,0.0,0.0,24.3,58.0,11.98,0.7,2017-05-05 17:50:00
22.8,87,913.0,0.0,0.0,24.3,58.0,11.98,0.7,2017-05-05 17:50:15
22.8,88,913.0,0.0,0.0,24.28,60.1,11.98,0.7,2017-05-05 17:50:30
22.8,89,913.0,0.0,0.0,24.28,60.1,11.98,0.7,2017-05-05 17:50:45
22.8,90,913.0,0.0,0.0,24.28,60.1,11.97,0.7,2017-05-05 17:51:00
22.8,91,913.0,0.0,0.0,24.28,60.1,11.99,0.7,2017-05-05 17:51:15
22.9,92,913.0,0.0,0.0,24.28,61.2,11.98,0.7,2017-05-05 17:51:30
22.9,93,913.0,0.0,0.0,24.28,61.2,11.98,0.7,2017-05-05 17:51:45
22.9,94,913.0,0.0,0.0,24.28,61.2,11.98,0.7,2017-05-05 17:52:00
22.9,95,913.0,0.0,0.0,24.28,61.2,11.98,0.7,2017-05-05 17:52:15
22.9,96,913.0,0.0,0.0,24.28,62.4,11.98,0.7,2017-05-05 17:52:30
22.9,97,913.0,0.0,0.0,24.28,62.4,11.97,0.7,2017-05-05 17:52:45
22.9,98,913.0,0.0,0.0,24.28,62.4,11.98,0.7,2017-05-05 17:53:00
22.9,99,913.0,0.0,0.0,24.28,62.4,11.98,0.7,2017-05-05 17:53:15
23.0,100,913.0,0.0,0.0,24.28,63.1,11.97,0.7,2017-05-05 17:53:30
23.0,101,913.0,0.0,0.0,24.28,63.1,11.98,0.7,2017-05-05 17:53:45
23.0,102,913.0,0.0,0.0,24.28,63.1,11.98,0.7,2017-05-05 17:54:00
23.0,103,913.0,0.0,0.0,24.3,63.1,11.97,0.7,2017-05-05 17:54:15
23.1,104,913.0,0.0,0.0,24.3,63.5,11.98,0.7,2017-05-05 17:54:30
23.1,105,913.0,0.0,0.0,24.3,63.5,11.97,0.7,2017-05-05 17:54:45
23.1,106,913.0,0.0,0.0,24.3,63.5,11.98,0.7,2017-05-05 17:55:00
23.1,107,913.0,0.0,0.0,24.3,63.5,11.98,0.7,2017-05-05 17:55:15
23.2,108,913.0,0.0,0.0,24.3,63.6,11.98,0.7,2017-05-05 17:55:30
23.2,109,913.0,0.0,0.0,24.3,63.6,11.98,0.7,2017-05-05 17:55:45
23.2,110,913.0,0.0,0.0,24.3,63.6,11.98,0.7,2017-05-05 17:56:00
23.2,111,913.0,0.0,0.0,24.3,63.6,11.98,0.6,2017-05-05 17:56:15
23.2,112,913.0,0.0,0.0,24.3,63.1,11.97,0.6,2017-05-05 17:56:30
23.2,113,913.0,0.0,0.0,24.3,63.1,11.98,0.6,2017-05-05 17:56:45
23.2,114,913.0,0.0,0.0,24.3,63.1,11.98,0.6,2017-05-05 17:57:00
23.2,115,913.0,0.0,0.0,24.3,63.1,11.98,0.6,2017-05-05 17:57:15
23.3,116,913.0,0.0,0.0,24.33,62.4,11.98,0.6,2017-05-05 17:57:30
23.3,117,913.0,0.0,0.0,24.33,62.4,11.97,0.6,2017-05-05 17:57:45
23.3,118,913.0,0.0,0.0,24.33,62.4,11.98,0.6,2017-05-05 17:58:00
23.3,119,913.0,0.0,0.0,24.33,62.4,11.97,0.6,2017-05-05 17:58:15
23.4,120,913.0,0.0,0.0,24.33,61.6,11.98,0.6,2017-05-05 17:58:30
23.4,121,913.0,0.0,0.0,24.33,61.6,11.98,0.6,2017-05-05 17:58:45
23.4,122,913.0,0.0,0.0,24.33,61.6,11.98,0.6,2017-05-05 17:59:00
23.4,123,913.0,0.0,0.0,24.33,61.6,11.97,0.6,2017-05-05 17:59:15
23.5,124,913.0,0.0,0.0,24.33,60.9,11.97,0.6,2017-05-05 17:59:30
23.5,125,913.0,0.0,0.0,24.33,60.9,11.97,0.6,2017-05-05 17:59:45
23.5,126,913.0,0.0,0.0,24.33,60.9,11.97,0.6,2017-05-05 18:00:00
23.5,127,913.0,0.0,0.0,24.36,60.9,11.97,0.6,2017-05-05 18:00:15
23.6,128,913.0,0.0,0.0,24.36,60.3,11.97,0.6,2017-05-05 18:00:30
23.6,129,913.0,0.0,0.0,24.36,60.3,11.98,0.6,2017-05-05 18:00:45
23.6,130,913.0,0.0,0.0,24.36,60.3,11.98,0.6,2017-05-05 18:01:00
23.6,131,913.0,0.0,0.0,24.39,60.3,11.97,0.6,2017-05-05 18:01:15
23.7,132,913.0,0.0,0.0,24.39,59.8,11.98,0.6,2017-05-05 18:01:30
23.7,133,913.0,0.0,0.0,24.39,59.8,11.97,0.6,2017-05-05 18:01:45
23.7,134,913.0,0.0,0.0,24.39,59.8,11.97,0.6,2017-05-05 18:02:00
23.7,135,913.0,0.0,0.0,24.39,59.8,11.98,0.6,2017-05-05 18:02:15
23.7,136,913.0,0.0,0.0,24.39,59.3,11.97,0.6,2017-05-05 18:02:30
23.7,137,913.0,0.0,0.0,24.39,59.3,11.98,0.6,2017-05-05 18:02:45
23.7,138,913.0,0.0,0.0,24.45,59.3,11.98,0.6,2017-05-05 18:03:00
23.7,139,913.0,0.0,0.0,24.45,59.3,11.97,0.6,2017-05-05 18:03:15
23.8,140,913.0,0.0,0.0,24.45,58.8,11.98,0.6,2017-05-05 18:03:30
23.8,141,913.0,0.0,0.0,24.48,58.8,11.98,0.6,2017-05-05 18:03:45
23.8,142,913.0,0.0,0.0,24.48,58.8,11.98,0.6,2017-05-05 18:04:00
23.8,143,913.0,0.0,0.0,24.48,58.8,11.98,0.6,2017-05-05 18:04:15
23.9,144,913.0,0.0,0.0,24.48,58.4,11.97,0.6,2017-05-05 18:04:30
23.9,145,913.0,0.0,0.0,24.48,58.4,11.97,0.6,2017-05-05 18:04:45
23.9,146,913.0,0.0,0.0,24.48,58.4,11.98,0.6,2017-05-05 18:05:00
23.9,147,913.0,0.0,0.0,24.48,58.4,11.97,0.6,2017-05-05 18:05:15
23.9,148,913.0,0.0,0.0,24.51,58.0,11.97,0.6,2017-05-05 18:05:30
23.9,149,913.0,0.0,0.0,24.51,58.0,11.98,0.6,2017-05-05 18:05:45
23.9,150,913.0,0.0,0.0,24.51,58.0,11.97,0.6,2017-05-05 18:06:00
23.9,151,913.0,0.0,0.0,24.54,58.0,11.98,0.6,2017-05-05 18:06:15
24.0,152,913.0,0.0,0.0,24.54,57.4,11.98,0.6,2017-05-05 18:06:30
24.0,153,913.0,0.0,0.0,24.54,57.4,11.97,0.6,2017-05-05 18:06:45
24.0,154,913.0,0.0,0.0,24.54,57.4,11.98,0.6,2017-05-05 18:07:00
24.0,155,913.0,0.0,0.0,24.54,57.4,11.98,0.6,2017-05-05 18:07:15
24.0,156,913.0,0.0,0.0,24.57,56.8,11.98,0.6,2017-05-05 18:07:30
24.0,157,913.0,0.0,0.0,24.57,56.8,11.98,0.6,2017-05-05 18:07:45
24.0,158,913.0,0.0,0.0,24.57,56.8,11.97,0.6,2017-05-05 18:08:00
24.0,159,913.0,0.0,0.0,24.57,56.8,11.98,0.6,2017-05-05 18:08:15
24.1,160,913.0,0.0,0.0,24.6,56.6,11.98,0.6,2017-05-05 18:08:30
24.1,161,913.0,0.0,0.0,24.6,56.6,11.97,0.6,2017-05-05 18:08:45
24.1,162,913.0,0.0,0.0,24.6,56.6,11.97,0.6,2017-05-05 18:09:00
24.1,163,913.0,0.0,0.0,24.6,56.6,11.98,0.6,2017-05-05 18:09:15
24.1,164,913.0,0.0,0.0,24.6,56.2,11.98,0.6,2017-05-05 18:09:30
24.1,165,913.0,0.0,0.0,24.6,56.2,11.98,0.6,2017-05-05 18:09:45
24.1,166,913.0,0.0,0.0,24.6,56.2,11.98,0.6,2017-05-05 18:10:00
24.1,167,913.0,0.0,0.0,24.63,56.2,11.97,0.6,2017-05-05 18:10:15
24.1,168,913.0,0.0,0.0,24.63,56.2,11.98,0.6,2017-05-05 18:10:30
24.1,169,913.0,0.0,0.0,24.63,56.2,11.97,0.6,2017-05-05 18:10:45
24.1,170,913.0,0.0,0.0,24.63,56.2,11.99,0.6,2017-05-05 18:11:00
24.1,171,913.0,0.0,0.0,24.66,56.2,11.98,0.6,2017-05-05 18:11:15
24.1,172,913.0,0.0,0.0,24.66,56.1,11.98,0.6,2017-05-05 18:11:30
24.1,173,913.0,0.0,0.0,24.66,56.1,11.97,0.6,2017-05-05 18:11:45
24.1,174,913.0,0.0,0.0,24.66,56.1,11.97,0.6,2017-05-05 18:12:00
24.1,175,913.0,0.0,0.0,24.66,56.1,11.98,0.6,2017-05-05 18:12:15
24.2,176,913.0,0.0,0.0,24.66,56.0,11.98,0.6,2017-05-05 18:12:30
24.2,177,913.0,0.0,0.0,24.69,56.0,11.98,0.6,2017-05-05 18:12:45
24.2,178,913.0,0.0,0.0,24.69,56.0,11.98,0.6,2017-05-05 18:13:00
24.2,179,913.0,0.0,0.0,24.69,56.0,11.98,0.6,2017-05-05 18:13:15
24.2,180,913.0,0.0,0.0,24.69,55.9,11.97,0.6,2017-05-05 18:13:30
24.2,181,913.0,0.0,0.0,24.69,55.9,11.97,0.6,2017-05-05 18:13:45
24.2,182,913.0,0.0,0.0,24.72,55.9,11.98,0.6,2017-05-05 18:14:00
24.2,183,913.0,0.0,0.0,24.72,55.9,11.97,0.6,2017-05-05 18:14:15
24.2,184,913.0,0.0,0.0,24.72,55.7,11.98,0.6,2017-05-05 18:14:30
24.2,185,913.0,0.0,0.0,24.72,55.7,11.98,0.6,2017-05-05 18:14:45
24.2,186,913.0,0.0,0.0,24.72,55.7,11.98,0.6,2017-05-05 18:15:00
24.2,187,913.0,0.0,0.0,24.72,55.7,11.98,0.6,2017-05-05 18:15:15
24.3,188,913.0,0.0,0.0,24.72,55.7,11.97,0.6,2017-05-05 18:15:30
24.3,189,913.0,0.0,0.0,24.75,55.7,11.98,0.6,2017-05-05 18:15:45
24.3,190,913.0,0.0,0.0,24.75,55.7,11.98,0.6,2017-05-05 18:16:00
24.3,191,913.0,0.0,0.0,24.75,55.7,11.97,0.6,2017-05-05 18:16:15
24.3,192,913.0,0.0,0.0,24.75,55.5,11.98,0.6,2017-05-05 18:16:30
24.3,193,913.0,0.0,0.0,24.78,55.5,11.98,0.6,2017-05-05 18:16:45
24.3,194,913.0,0.0,0.0,24.78,55.5,11.98,0.6,2017-05-05 18:17:00
24.3,195,913.0,0.0,0.0,24.78,55.5,11.98,0.6,2017-05-05 18:17:15
24.3,196,913.0,0.0,0.0,24.78,55.5,11.97,0.6,2017-05-05 18:17:30
24.3,197,913.0,0.0,0.0,24.78,55.5,11.98,0.6,2017-05-05 18:17:45
24.3,198,913.0,0.0,0.0,24.78,55.5,11.98,0.5,2017-05-05 18:18:00
24.3,199,913.0,0.0,0.0,24.78,55.5,11.98,0.5,2017-05-05 18:18:15
24.3,200,913.0,0.0,0.0,24.81,55.5,11.97,0.5,2017-05-05 18:18:30
24.3,201,913.0,0.0,0.0,24.81,55.5,11.98,0.5,2017-05-05 18:18:45
24.3,202,913.0,0.0,0.0,24.81,55.5,11.97,0.5,2017-05-05 18:19:00
24.3,203,913.0,0.0,0.0,24.81,55.5,11.98,0.5,2017-05-05 18:19:15
24.3,204,913.0,0.0,0.0,24.81,55.4,11.97,0.5,2017-05-05 18:19:30
24.3,205,913.0,0.0,0.0,24.84,55.4,11.98,0.5,2017-05-05 18:19:45
24.3,206,913.0,0.0,0.0,24.84,55.4,11.98,0.5,2017-05-05 18:20:00
24.3,207,913.0,0.0,0.0,24.84,55.4,11.98,0.5,2017-05-05 18:20:15
24.3,208,913.0,0.0,0.0,24.84,55.4,11.98,0.5,2017-05-05 18:20:30
24.3,209,913.0,0.0,0.0,24.84,55.4,11.98,0.5,2017-05-05 18:20:45
24.3,210,913.0,0.0,0.0,24.84,55.4,11.98,0.5,2017-05-05 18:21:00
24.3,211,913.0,0.0,0.0,24.84,55.4,11.98,0.5,2017-05-05 18:21:15
24.3,212,913.0,0.0,0.0,24.84,55.3,11.98,0.5,2017-05-05 18:21:30
24.3,213,913.0,0.0,0.0,24.87,55.3,11.98,0.5,2017-05-05 18:21:45
24.3,214,913.0,0.0,0.0,24.87,55.3,11.98,0.5,2017-05-05 18:22:00
24.3,215,913.0,0.0,0.0,24.87,55.3,11.98,0.5,2017-05-05 18:22:15
24.3,216,913.0,0.0,0.0,24.87,55.3,11.98,0.5,2017-05-05 18:22:30
24.3,217,913.0,0.0,0.0,24.89,55.3,11.98,0.5,2017-05-05 18:22:45
24.3,218,913.0,0.0,0.0,24.89,55.3,11.97,0.5,2017-05-05 18:23:00
24.3,219,913.0,0.0,0.0,24.89,55.3,11.98,0.5,2017-05-05 18:23:15
24.3,220,913.0,0.0,0.0,24.89,55.3,11.98,0.5,2017-05-05 18:23:30
24.3,221,913.0,0.0,0.0,24.89,55.3,11.97,0.5,2017-05-05 18:23:45
24.3,222,913.0,0.0,0.0,24.89,55.3,11.98,0.5,2017-05-05 18:24:00
24.3,223,913.0,0.0,0.0,24.89,55.3,11.98,0.5,2017-05-05 18:24:15
24.3,224,913.0,0.0,0.0,24.92,55.2,11.98,0.5,2017-05-05 18:24:30
24.3,225,913.0,0.0,0.0,24.92,55.2,11.97,0.5,2017-05-05 18:24:45
24.3,226,913.0,0.0,0.0,24.92,55.2,11.98,0.5,2017-05-05 18:25:00
24.3,227,913.0,0.0,0.0,24.92,55.2,11.98,0.5,2017-05-05 18:25:15
24.3,228,913.0,0.0,0.0,24.92,55.2,11.98,0.5,2017-05-05 18:25:30
24.3,229,913.0,0.0,0.0,24.95,55.2,11.97,0.5,2017-05-05 18:25:45
24.3,230,913.0,0.0,0.0,24.92,55.2,11.98,0.5,2017-05-05 18:26:00
24.3,231,913.0,0.0,0.0,24.95,55.2,11.98,0.5,2017-05-05 18:26:15
24.3,232,913.0,0.0,0.0,24.95,55.0,11.98,0.5,2017-05-05 18:26:30
24.3,233,913.0,0.0,0.0,24.95,55.0,11.98,0.5,2017-05-05 18:26:45
24.3,234,913.0,0.0,0.0,24.95,55.0,11.97,0.5,2017-05-05 18:27:00
24.3,235,913.0,0.0,0.0,24.95,55.0,11.98,0.5,2017-05-05 18:27:15
24.3,236,913.0,0.0,0.0,24.95,55.1,11.98,0.5,2017-05-05 18:27:30
24.3,237,913.0,0.0,0.0,24.95,55.1,11.98,0.5,2017-05-05 18:27:45
24.3,238,913.0,0.0,0.0,24.95,55.1,11.98,0.5,2017-05-05 18:28:00
24.3,239,913.0,0.0,0.0,24.95,55.1,11.98,0.5,2017-05-05 18:28:15
24.3,240,913.0,0.0,0.0,24.95,55.1,11.97,0.5,2017-05-05 18:28:30
24.3,241,913.0,0.0,0.0,24.98,55.1,11.97,0.5,2017-05-05 18:28:45
24.3,242,913.0,0.0,0.0,24.98,55.1,11.97,0.5,2017-05-05 18:29:00
24.3,243,913.0,0.0,0.0,24.98,55.1,11.98,0.5,2017-05-05 18:29:15
24.3,244,913.0,0.0,0.0,24.98,55.0,11.98,0.5,2017-05-05 18:29:30
24.3,245,913.0,0.0,0.0,24.98,55.0,11.98,0.5,2017-05-05 18:29:45
24.3,246,913.0,0.0,0.0,24.98,55.0,11.97,0.5,2017-05-05 18:30:00
24.3,247,913.0,0.0,0.0,24.98,55.0,11.98,0.5,2017-05-05 18:30:15
24.3,248,913.0,0.0,0.0,25.01,55.0,11.98,0.5,2017-05-05 18:30:30
24.3,249,913.0,0.0,0.0,25.01,55.0,11.98,0.5,2017-05-05 18:30:45
24.3,250,913.0,0.0,0.0,25.01,55.0,11.98,0.5,2017-05-05 18:31:00
24.3,251,913.0,0.0,0.0,25.01,55.0,11.98,0.5,2017-05-05 18:31:15
24.3,252,913.0,0.0,0.0,25.01,55.0,11.97,0.5,2017-05-05 18:31:30
24.3,253,913.0,0.0,0.0,25.01,55.0,11.98,0.5,2017-05-05 18:31:45
24.3,254,913.0,0.0,0.0,25.01,55.0,11.97,0.5,2017-05-05 18:32:00
24.3,255,913.0,0.0,0.0,25.01,55.0,11.98,0.5,2017-05-05 18:32:15
24.3,256,913.0,0.0,0.0,25.01,55.1,11.98,0.5,2017-05-05 18:32:30
24.3,257,913.0,0.0,0.0,25.01,55.1,11.98,0.5,2017-05-05 18:32:45
24.3,258,913.0,0.0,0.0,25.04,55.1,11.97,0.5,2017-05-05 18:33:00
24.3,259,913.0,0.0,0.0,25.04,55.1,11.98,0.5,2017-05-05 18:33:15
24.3,260,913.0,0.0,0.0,25.04,55.1,11.98,0.5,2017-05-05 18:33:30
24.3,261,913.0,0.0,0.0,25.04,55.1,11.98,0.5,2017-05-05 18:33:45
24.3,262,913.0,0.0,0.0,25.04,55.1,11.98,0.5,2017-05-05 18:34:00
24.3,263,913.0,0.0,0.0,25.04,55.1,11.99,0.5,2017-05-05 18:34:15
24.3,264,914.0,0.0,0.0,25.04,55.0,11.98,0.5,2017-05-05 18:34:30
24.3,265,914.0,0.0,0.0,25.04,55.0,11.97,0.5,2017-05-05 18:34:45
24.3,266,914.0,0.0,0.0,25.04,55.0,11.97,0.5,2017-05-05 18:35:00
24.3,267,914.0,0.0,0.0,25.07,55.0,11.98,0.5,2017-05-05 18:35:15
24.3,268,914.0,0.0,0.0,25.07,54.9,11.98,0.5,2017-05-05 18:35:30
24.3,269,914.0,0.0,0.0,25.07,54.9,11.97,0.5,2017-05-05 18:35:45
24.3,270,914.0,0.0,0.0,25.07,54.9,11.97,0.5,2017-05-05 18:36:00
24.3,271,914.0,0.0,0.0,25.07,54.9,11.98,0.5,2017-05-05 18:36:15
24.3,272,914.0,0.0,0.0,25.07,54.8,11.98,0.5,2017-05-05 18:36:30
24.3,273,914.0,0.0,0.0,25.07,54.8,11.98,0.5,2017-05-05 18:36:45
24.3,274,914.0,0.0,0.0,25.07,54.8,11.97,0.5,2017-05-05 18:37:00
24.3,275,914.0,0.0,0.0,25.07,54.8,11.98,0.5,2017-05-05 18:37:15
24.3,276,914.0,0.0,0.0,25.07,54.8,11.98,0.5,2017-05-05 18:37:30
24.3,277,914.0,0.0,0.0,25.1,54.8,11.98,0.5,2017-05-05 18:37:45
24.3,278,914.0,0.0,0.0,25.1,54.8,11.97,0.5,2017-05-05 18:38:00
24.3,279,914.0,0.0,0.0,25.1,54.8,11.99,0.5,2017-05-05 18:38:15
24.3,280,914.0,0.0,0.0,25.1,54.8,11.98,0.5,2017-05-05 18:38:30
24.3,281,914.0,0.0,0.0,25.1,54.8,11.98,0.5,2017-05-05 18:38:45
24.3,282,914.0,0.0,0.0,25.1,54.8,11.98,0.5,2017-05-05 18:39:00
24.3,283,914.0,0.0,0.0,25.1,54.8,11.98,0.5,2017-05-05 18:39:15
24.3,284,914.0,0.0,0.0,25.13,54.8,11.97,0.5,2017-05-05 18:39:30
24.3,285,914.0,0.0,0.0,25.13,54.8,11.98,0.5,2017-05-05 18:39:45
24.3,286,914.0,0.0,0.0,25.13,54.8,11.98,0.5,2017-05-05 18:40:00
24.3,287,914.0,0.0,0.0,25.13,54.8,11.98,0.5,2017-05-05 18:40:15
24.3,288,914.0,0.0,0.0,25.13,54.8,11.98,0.5,2017-05-05 18:40:30
24.3,289,914.0,0.0,0.0,25.13,54.8,11.98,0.5,2017-05-05 18:40:45
24.3,290,914.0,0.0,0.0,25.13,54.8,11.98,0.5,2017-05-05 18:41:00
24.3,291,914.0,0.0,0.0,25.13,54.8,11.98,0.5,2017-05-05 18:41:15
24.3,292,914.0,0.0,0.0,25.13,54.8,11.97,0.5,2017-05-05 18:41:30
24.3,293,914.0,0.0,0.0,25.13,54.8,11.98,0.5,2017-05-05 18:41:45
24.3,294,914.0,0.0,0.0,25.13,54.8,11.98,0.5,2017-05-05 18:42:00
24.3,295,914.0,0.0,0.0,25.13,54.8,11.98,0.5,2017-05-05 18:42:15
24.3,296,914.0,0.0,0.0,25.13,54.5,11.99,0.5,2017-05-05 18:42:30
24.3,297,914.0,0.0,0.0,25.16,54.5,11.97,0.5,2017-05-05 18:42:45
24.3,298,914.0,0.0,0.0,25.16,54.5,11.98,0.5,2017-05-05 18:43:00
24.3,299,914.0,0.0,0.0,25.16,54.5,11.98,0.5,2017-05-05 18:43:15
24.3,300,914.0,0.0,0.0,25.16,54.6,11.97,0.5,2017-05-05 18:43:30
24.3,301,914.0,0.0,0.0,25.16,54.6,11.97,0.5,2017-05-05 18:43:45
24.3,302,914.0,0.0,0.0,25.16,54.6,11.98,0.5,2017-05-05 18:44:00
24.3,303,914.0,0.0,0.0,25.16,54.6,11.98,0.5,2017-05-05 18:44:15
24.3,304,914.0,0.0,0.0,25.16,54.6,11.98,0.5,2017-05-05 18:44:30
24.3,305,914.0,0.0,0.0,25.16,54.6,11.98,0.5,2017-05-05 18:44:45
24.3,306,914.0,0.0,0.0,25.16,54.6,11.98,0.5,2017-05-05 18:45:00
24.3,307,914.0,0.0,0.0,25.16,54.6,11.98,0.5,2017-05-05 18:45:15
24.3,308,914.0,0.0,0.0,25.16,54.6,11.98,0.5,2017-05-05 18:45:30
24.3,309,914.0,0.0,0.0,25.16,54.6,11.98,0.5,2017-05-05 18:45:45
24.3,310,914.0,0.0,0.0,25.16,54.6,11.98,0.5,2017-05-05 18:46:00
24.3,311,914.0,0.0,0.0,25.16,54.6,11.98,0.5,2017-05-05 18:46:15
24.3,312,914.0,0.0,0.0,25.16,54.6,11.98,0.5,2017-05-05 18:46:30
24.3,313,914.0,0.0,0.0,25.16,54.6,11.98,0.5,2017-05-05 18:46:45
24.3,314,914.0,0.0,0.0,25.16,54.6,11.97,0.5,2017-05-05 18:47:00
24.3,315,914.0,0.0,0.0,25.16,54.6,11.99,0.5,2017-05-05 18:47:15
24.3,316,914.0,0.0,0.0,25.19,54.5,11.98,0.5,2017-05-05 18:47:30
24.3,317,914.0,0.0,0.0,25.19,54.5,11.97,0.5,2017-05-05 18:47:45
24.3,318,914.0,0.0,0.0,25.19,54.5,11.98,0.5,2017-05-05 18:48:00
24.3,319,914.0,0.0,0.0,25.19,54.5,11.98,0.5,2017-05-05 18:48:15
24.3,320,914.0,0.0,0.0,25.19,54.5,11.98,0.5,2017-05-05 18:48:30
24.3,321,914.0,0.0,0.0,25.19,54.5,11.98,0.5,2017-05-05 18:48:45
24.3,322,914.0,0.0,0.0,25.19,54.5,11.98,0.5,2017-05-05 18:49:00
24.3,323,914.0,0.0,0.0,25.19,54.5,11.98,0.5,2017-05-05 18:49:15
24.3,324,914.0,0.0,0.0,25.19,54.6,11.98,0.5,2017-05-05 18:49:30
24.3,325,914.0,0.0,0.0,25.19,54.6,11.98,0.5,2017-05-05 18:49:45
24.3,326,914.0,0.0,0.0,25.19,54.6,11.97,0.5,2017-05-05 18:50:00
24.3,327,914.0,0.0,0.0,25.19,54.6,11.97,0.5,2017-05-05 18:50:15
24.3,328,914.0,0.0,0.0,25.19,54.6,11.98,0.5,2017-05-05 18:50:30
24.3,329,914.0,0.0,0.0,25.19,54.6,11.98,0.5,2017-05-05 18:50:45
24.3,330,914.0,0.0,0.0,25.19,54.6,11.97,0.5,2017-05-05 18:51:00
24.3,331,914.0,0.0,0.0,25.19,54.6,11.97,0.5,2017-05-05 18:51:15
24.3,332,914.0,0.0,0.0,25.19,54.6,11.97,0.5,2017-05-05 18:51:30
24.3,333,914.0,0.0,0.0,25.19,54.6,11.98,0.5,2017-05-05 18:51:45
24.3,334,914.0,0.0,0.0,25.19,54.6,11.98,0.5,2017-05-05 18:52:00
24.3,335,914.0,0.0,0.0,25.19,54.6,11.97,0.5,2017-05-05 18:52:15
24.3,336,914.0,0.0,0.0,25.19,54.7,11.98,0.5,2017-05-05 18:52:30
24.3,337,914.0,0.0,0.0,25.19,54.7,11.97,0.5,2017-05-05 18:52:45
24.3,338,914.0,0.0,0.0,25.22,54.7,11.98,0.5,2017-05-05 18:53:00
24.3,339,914.0,0.0,0.0,25.19,54.7,11.98,0.5,2017-05-05 18:53:15
24.3,340,914.0,0.0,0.0,25.19,53.5,11.98,0.5,2017-05-05 18:53:30
24.3,341,914.0,0.0,0.0,25.19,53.5,11.97,0.5,2017-05-05 18:53:45
24.3,342,914.0,0.0,0.0,25.19,53.5,11.98,0.5,2017-05-05 18:54:00
24.3,343,914.0,0.0,0.0,25.19,53.5,11.98,0.5,2017-05-05 18:54:15
24.3,344,914.0,0.0,0.0,25.22,54.7,11.97,0.5,2017-05-05 18:54:30
24.3,345,914.0,0.0,0.0,25.19,54.7,11.98,0.5,2017-05-05 18:54:45
24.3,346,914.0,0.0,0.0,25.19,54.7,11.98,0.6,2017-05-05 18:55:00
24.3,347,914.0,0.0,0.0,25.22,54.7,11.98,0.6,2017-05-05 18:55:15
24.3,348,914.0,0.0,0.0,25.22,54.7,11.98,0.6,2017-05-05 18:55:30
24.3,349,914.0,0.0,0.0,25.22,54.7,11.98,0.6,2017-05-05 18:55:45
24.3,350,914.0,0.0,0.0,25.22,54.7,11.98,0.6,2017-05-05 18:56:00
24.3,351,914.0,0.0,0.0,25.22,54.7,11.97,0.6,2017-05-05 18:56:15
24.3,352,914.0,0.0,0.0,25.22,54.7,11.98,0.6,2017-05-05 18:56:30
24.3,353,914.0,0.0,0.0,25.22,54.7,11.98,0.6,2017-05-05 18:56:45
24.3,354,914.0,0.0,0.0,25.22,54.7,11.98,0.6,2017-05-05 18:57:00
24.3,355,914.0,0.0,0.0,25.22,54.7,11.97,0.6,2017-05-05 18:57:15
24.3,356,914.0,0.0,0.0,25.22,54.7,11.98,0.6,2017-05-05 18:57:30
24.3,357,914.0,0.0,0.0,25.22,54.7,11.99,0.6,2017-05-05 18:57:45
24.3,358,914.0,0.0,0.0,25.22,54.7,11.97,0.6,2017-05-05 18:58:00
24.3,359,914.0,0.0,0.0,25.22,54.7,11.97,0.6,2017-05-05 18:58:15
24.3,360,914.0,0.0,0.0,25.22,54.7,11.97,0.6,2017-05-05 18:58:30
24.3,361,914.0,0.0,0.0,25.22,54.7,11.98,0.6,2017-05-05 18:58:45
24.3,362,914.0,0.0,0.0,25.22,54.7,11.97,0.6,2017-05-05 18:59:00
24.3,363,914.0,0.0,0.0,25.22,54.7,11.98,0.6,2017-05-05 18:59:15
24.3,364,914.0,0.0,0.0,25.22,54.6,11.98,0.6,2017-05-05 18:59:30
24.3,365,914.0,0.0,0.0,25.22,54.6,11.97,0.6,2017-05-05 18:59:45
24.3,366,914.0,0.0,0.0,25.22,54.6,11.98,0.6,2017-05-05 19:00:00
24.3,367,914.0,0.0,0.0,25.22,54.6,11.98,0.6,2017-05-05 19:00:15
24.3,368,914.0,0.0,0.0,25.22,54.6,11.98,0.6,2017-05-05 19:00:30
24.3,369,914.0,0.0,0.0,25.22,54.6,11.97,0.6,2017-05-05 19:00:45
24.3,370,914.0,0.0,0.0,25.22,54.6,11.97,0.6,2017-05-05 19:01:00
24.3,371,914.0,0.0,0.0,25.22,54.6,11.98,0.6,2017-05-05 19:01:15
24.3,372,914.0,0.0,0.0,25.22,54.7,11.98,0.6,2017-05-05 19:01:30
24.3,373,914.0,0.0,0.0,25.22,54.7,11.98,0.6,2017-05-05 19:01:45
24.3,374,914.0,0.0,0.0,25.22,54.7,11.98,0.6,2017-05-05 19:02:00
24.3,375,914.0,0.0,0.0,25.22,54.7,11.98,0.6,2017-05-05 19:02:15
24.3,376,914.0,0.0,0.0,25.22,54.6,11.98,0.6,2017-05-05 19:02:30
24.3,377,914.0,0.0,0.0,25.22,54.6,11.98,0.6,2017-05-05 19:02:45
24.3,378,914.0,0.0,0.0,25.22,54.6,11.97,0.6,2017-05-05 19:03:00
24.3,379,914.0,0.0,0.0,25.22,54.6,11.97,0.6,2017-05-05 19:03:15
24.3,380,914.0,0.0,0.0,25.22,54.5,11.98,0.6,2017-05-05 19:03:30
24.3,381,914.0,0.0,0.0,25.25,54.5,11.98,0.6,2017-05-05 19:03:45
24.3,382,914.0,0.0,0.0,25.25,54.5,11.97,0.6,2017-05-05 19:04:00
24.3,383,914.0,0.0,0.0,25.25,54.5,11.97,0.6,2017-05-05 19:04:15
24.3,384,914.0,0.0,0.0,25.25,54.4,11.97,0.6,2017-05-05 19:04:30
24.3,385,914.0,0.0,0.0,25.25,54.4,11.97,0.6,2017-05-05 19:04:45
24.3,386,914.0,0.0,0.0,25.25,54.4,11.98,0.6,2017-05-05 19:05:00
24.3,387,914.0,0.0,0.0,25.25,54.4,11.98,0.6,2017-05-05 19:05:15
24.3,388,914.0,0.0,0.0,25.25,54.5,11.98,0.6,2017-05-05 19:05:30
24.3,389,914.0,0.0,0.0,25.25,54.5,11.97,0.6,2017-05-05 19:05:45
24.3,390,914.0,0.0,0.0,25.25,54.5,11.97,0.6,2017-05-05 19:06:00
24.3,391,914.0,0.0,0.0,25.25,54.5,11.98,0.6,2017-05-05 19:06:15
24.3,392,914.0,0.0,0.0,25.25,54.6,11.97,0.6,2017-05-05 19:06:30
24.3,393,914.0,0.0,0.0,25.25,54.6,11.98,0.6,2017-05-05 19:06:45
24.3,394,914.0,0.0,0.0,25.25,54.6,11.99,0.6,2017-05-05 19:07:00
24.3,395,914.0,0.0,0.0,25.25,54.6,11.98,0.6,2017-05-05 19:07:15
24.3,396,914.0,0.0,0.0,25.25,54.7,11.97,0.6,2017-05-05 19:07:30
24.3,397,914.0,0.0,0.0,25.25,54.7,11.98,0.6,2017-05-05 19:07:45
24.3,398,914.0,0.0,0.0,25.25,54.7,11.98,0.6,2017-05-05 19:08:00
24.3,399,914.0,0.0,0.0,25.25,54.7,11.98,0.5,2017-05-05 19:08:15
24.3,400,914.0,0.0,0.0,25.25,54.7,11.97,0.5,2017-05-05 19:08:30
24.3,401,914.0,0.0,0.0,25.25,54.7,11.98,0.5,2017-05-05 19:08:45
24.3,402,914.0,0.0,0.0,25.25,54.7,11.98,0.5,2017-05-05 19:09:00
24.3,403,914.0,0.0,0.0,25.25,54.7,11.98,0.5,2017-05-05 19:09:15
24.3,404,914.0,0.0,0.0,25.25,54.7,11.98,0.5,2017-05-05 19:09:30
24.3,405,914.0,0.0,0.0,25.25,54.7,11.98,0.5,2017-05-05 19:09:45
24.3,406,914.0,0.0,0.0,25.25,54.7,11.98,0.5,2017-05-05 19:10:00
24.3,407,914.0,0.0,0.0,25.25,54.7,11.98,0.5,2017-05-05 19:10:15
24.3,408,914.0,0.0,0.0,25.25,54.7,11.98,0.5,2017-05-05 19:10:30
24.3,409,914.0,0.0,0.0,25.25,54.7,11.97,0.5,2017-05-05 19:10:45
24.3,410,914.0,0.0,0.0,25.25,54.7,11.97,0.5,2017-05-05 19:11:00
24.3,411,914.0,0.0,0.0,25.25,54.7,11.98,0.5,2017-05-05 19:11:15
24.3,412,914.0,0.0,0.0,25.25,54.7,11.97,0.5,2017-05-05 19:11:30
24.3,413,914.0,0.0,0.0,25.25,54.7,11.98,0.5,2017-05-05 19:11:45
24.3,414,914.0,0.0,0.0,25.25,54.7,11.98,0.5,2017-05-05 19:12:00
24.3,415,914.0,0.0,0.0,25.25,54.7,11.97,0.5,2017-05-05 19:12:15
24.3,416,914.0,0.0,0.0,25.25,54.7,11.97,0.5,2017-05-05 19:12:30
24.3,417,914.0,0.0,0.0,25.25,54.7,11.98,0.5,2017-05-05 19:12:45
24.3,418,914.0,0.0,0.0,25.25,54.7,11.98,0.5,2017-05-05 19:13:00
24.3,419,914.0,0.0,0.0,25.25,54.7,11.98,0.5,2017-05-05 19:13:15
24.3,420,914.0,0.0,0.0,25.25,54.7,11.97,0.5,2017-05-05 19:13:30
24.3,421,914.0,0.0,0.0,25.25,54.7,11.98,0.5,2017-05-05 19:13:45
24.3,422,914.0,0.0,0.0,25.25,54.7,11.98,0.5,2017-05-05 19:14:00
24.3,423,914.0,0.0,0.0,25.25,54.7,11.98,0.5,2017-05-05 19:14:15
24.3,424,914.0,0.0,0.0,25.25,54.6,11.98,0.5,2017-05-05 19:14:30
24.3,425,914.0,0.0,0.0,25.25,54.6,11.98,0.5,2017-05-05 19:14:45
24.3,426,914.0,0.0,0.0,25.25,54.6,11.97,0.5,2017-05-05 19:15:00
24.3,427,914.0,0.0,0.0,25.25,54.6,11.98,0.5,2017-05-05 19:15:15
24.3,428,914.0,0.0,0.0,25.25,54.6,11.98,0.5,2017-05-05 19:15:30
24.3,429,914.0,0.0,0.0,25.25,54.6,11.98,0.5,2017-05-05 19:15:45
24.3,430,914.0,0.0,0.0,25.25,54.6,11.97,0.5,2017-05-05 19:16:00
24.3,431,914.0,0.0,0.0,25.25,54.6,11.98,0.5,2017-05-05 19:16:15
24.3,432,914.0,0.0,0.0,25.25,54.6,11.98,0.5,2017-05-05 19:16:30
24.3,433,914.0,0.0,0.0,25.25,54.6,11.97,0.5,2017-05-05 19:16:45
24.3,434,914.0,0.0,0.0,25.25,54.6,11.98,0.5,2017-05-05 19:17:00
24.3,435,914.0,0.0,0.0,25.25,54.6,11.98,0.5,2017-05-05 19:17:15
24.3,436,914.0,0.0,0.0,25.25,54.5,11.97,0.5,2017-05-05 19:17:30
24.3,437,914.0,0.0,0.0,25.25,54.5,11.97,0.5,2017-05-05 19:17:45
24.3,438,914.0,0.0,0.0,25.25,54.5,11.97,0.5,2017-05-05 19:18:00
24.3,439,914.0,0.0,0.0,25.25,54.5,11.98,0.5,2017-05-05 19:18:15
22.3,441,911.0,0.0,0.0,23.55,46.3,11.97,0.0,2017-05-08 13:37:45
22.3,442,911.0,0.0,0.0,23.52,46.3,11.97,0.0,2017-05-08 13:38:00
21.8,443,911.0,0.0,0.0,23.52,46.8,11.97,0.0,2017-05-08 13:38:15
21.8,444,911.0,0.0,0.0,23.52,46.8,11.96,0.0,2017-05-08 13:38:30
21.8,445,911.0,0.0,0.0,23.5,46.8,11.97,0.0,2017-05-08 13:38:45
21.8,446,911.0,0.0,0.0,23.5,46.8,11.98,0.0,2017-05-08 13:39:00
21.5,447,911.0,0.0,0.0,23.5,52.1,11.97,0.0,2017-05-08 13:39:15
21.5,448,911.0,0.0,0.0,23.47,52.1,11.98,0.0,2017-05-08 13:39:30
21.5,449,911.0,0.0,0.0,23.47,52.1,11.97,0.0,2017-05-08 13:39:45
21.5,450,911.0,0.0,0.0,23.47,52.1,11.98,0.0,2017-05-08 13:40:00
21.5,451,911.0,0.0,0.0,23.47,53.9,11.98,0.0,2017-05-08 13:40:15
21.5,452,911.0,0.0,0.0,23.47,53.9,11.98,0.0,2017-05-08 13:40:30
21.5,453,911.0,0.0,0.0,23.47,53.9,11.97,0.0,2017-05-08 13:40:45
21.5,454,911.0,0.0,0.0,23.47,53.9,11.97,0.0,2017-05-08 13:41:00
21.5,455,911.0,0.0,0.0,23.47,55.7,11.98,0.0,2017-05-08 13:41:15
21.5,456,911.0,0.0,0.0,23.47,55.7,11.98,0.0,2017-05-08 13:41:30
21.5,457,911.0,0.0,0.0,23.47,55.7,11.97,0.0,2017-05-08 13:41:45
21.5,458,911.0,0.0,0.0,23.47,55.7,11.97,0.0,2017-05-08 13:42:00
21.5,459,911.0,0.0,0.0,23.47,56.7,11.97,0.0,2017-05-08 13:42:15
21.5,460,911.0,0.0,0.0,23.5,56.7,11.98,0.0,2017-05-08 13:42:30
21.5,461,911.0,0.0,0.0,23.5,56.7,11.97,0.0,2017-05-08 13:42:45
21.5,462,911.0,0.0,0.0,23.5,56.7,11.98,0.0,2017-05-08 13:43:00
21.6,463,911.0,0.0,0.0,23.5,57.3,11.98,0.0,2017-05-08 13:43:15
21.6,464,911.0,0.0,0.0,23.52,57.3,11.98,0.0,2017-05-08 13:43:30
21.6,465,911.0,0.0,0.0,23.52,57.3,11.99,0.0,2017-05-08 13:43:45
21.6,466,911.0,0.0,0.0,23.52,57.3,11.98,0.0,2017-05-08 13:44:00
21.7,467,911.0,0.0,0.0,23.52,57.4,11.98,0.3,2017-05-08 13:44:15
21.7,468,911.0,0.0,0.0,23.52,57.4,11.98,0.3,2017-05-08 13:44:30
21.7,469,911.0,0.0,0.0,23.52,57.4,11.98,0.4,2017-05-08 13:44:45
21.7,470,911.0,0.0,0.0,23.55,57.4,11.97,0.4,2017-05-08 13:45:00
21.8,471,911.0,0.0,0.0,23.55,56.1,11.97,0.4,2017-05-08 13:45:15
21.8,472,911.0,0.0,0.0,23.55,56.1,11.98,0.4,2017-05-08 13:45:30
21.8,473,911.0,0.0,0.0,23.58,56.1,11.98,0.4,2017-05-08 13:45:45
21.8,474,911.0,0.0,0.0,23.58,56.1,11.98,0.4,2017-05-08 13:46:00
22.0,475,911.0,0.0,0.0,23.58,55.7,11.98,0.4,2017-05-08 13:46:15
22.0,476,911.0,0.0,0.0,23.61,55.7,11.98,0.4,2017-05-08 13:46:30
22.0,477,911.0,0.0,0.0,23.61,55.7,11.98,0.4,2017-05-08 13:46:45
22.0,478,911.0,0.0,0.0,23.61,55.7,11.98,0.4,2017-05-08 13:47:00
22.2,479,911.0,0.0,0.0,23.64,55.0,11.97,0.4,2017-05-08 13:47:15
22.2,480,911.0,0.0,0.0,23.64,55.0,11.97,0.4,2017-05-08 13:47:30
22.2,481,911.0,0.0,0.0,23.64,55.0,11.97,0.4,2017-05-08 13:47:45
22.2,482,911.0,0.0,0.0,23.64,55.0,11.98,0.4,2017-05-08 13:48:00
22.3,483,911.0,0.0,0.0,23.64,54.2,11.98,0.4,2017-05-08 13:48:15
22.3,484,911.0,0.0,0.0,23.64,54.2,11.97,0.4,2017-05-08 13:48:30
22.3,485,911.0,0.0,0.0,23.67,54.2,11.97,0.4,2017-05-08 13:48:45
22.3,486,911.0,0.0,0.0,23.67,54.2,11.97,0.4,2017-05-08 13:49:00
22.5,487,911.0,0.0,0.0,23.7,53.0,11.99,0.4,2017-05-08 13:49:15
22.5,488,911.0,0.0,0.0,23.7,53.0,11.98,0.4,2017-05-08 13:49:30
22.5,489,911.0,0.0,0.0,23.7,53.0,11.98,0.4,2017-05-08 13:49:45
22.5,490,911.0,0.0,0.0,23.7,53.0,11.98,0.4,2017-05-08 13:50:00
22.6,491,911.0,0.0,0.0,23.72,51.4,11.97,0.4,2017-05-08 13:50:15
22.6,492,911.0,0.0,0.0,23.72,51.4,11.98,0.4,2017-05-08 13:50:30
22.6,493,911.0,0.0,0.0,23.72,51.4,11.98,0.4,2017-05-08 13:50:45
22.6,494,911.0,0.0,0.0,23.75,51.4,11.97,0.4,2017-05-08 13:51:00
22.7,495,911.0,0.0,0.0,23.75,52.0,11.98,0.4,2017-05-08 13:51:15
22.7,496,911.0,0.0,0.0,23.75,52.0,11.98,0.4,2017-05-08 13:51:30
22.7,497,911.0,0.0,0.0,23.75,52.0,11.98,0.4,2017-05-08 13:51:45
22.7,498,911.0,0.0,0.0,23.75,52.0,11.97,0.4,2017-05-08 13:52:00
22.8,499,911.0,0.0,0.0,23.78,51.1,11.98,0.4,2017-05-08 13:52:15
22.8,500,911.0,0.0,0.0,23.78,51.1,11.97,0.4,2017-05-08 13:52:30
22.8,501,911.0,0.0,0.0,23.78,51.1,11.98,0.4,2017-05-08 13:52:45
22.8,502,911.0,0.0,0.0,23.78,51.1,11.98,0.4,2017-05-08 13:53:00
22.9,503,911.0,0.0,0.0,23.81,50.7,11.98,0.4,2017-05-08 13:53:15
22.9,504,911.0,0.0,0.0,23.81,50.7,11.97,0.4,2017-05-08 13:53:30
22.9,505,911.0,0.0,0.0,23.81,50.7,11.98,0.4,2017-05-08 13:53:45
22.9,506,911.0,0.0,0.0,23.81,50.7,11.98,0.4,2017-05-08 13:54:00
23.0,507,911.0,0.0,0.0,23.81,50.4,11.98,0.5,2017-05-08 13:54:15
23.0,508,911.0,0.0,0.0,23.84,50.4,11.98,0.5,2017-05-08 13:54:30
23.0,509,911.0,0.0,0.0,23.84,50.4,11.97,0.5,2017-05-08 13:54:45
23.0,510,911.0,0.0,0.0,23.84,50.4,11.97,0.5,2017-05-08 13:55:00
23.0,511,911.0,0.0,0.0,23.87,50.0,11.97,0.5,2017-05-08 13:55:15
23.0,512,911.0,0.0,0.0,23.87,50.0,11.98,0.5,2017-05-08 13:55:30
23.0,513,911.0,0.0,0.0,23.87,50.0,11.97,0.5,2017-05-08 13:55:45
23.0,514,911.0,0.0,0.0,23.87,50.0,11.98,0.5,2017-05-08 13:56:00
23.1,515,911.0,0.0,0.0,23.87,49.6,11.98,0.5,2017-05-08 13:56:15
23.1,516,911.0,0.0,0.0,23.87,49.6,11.97,0.5,2017-05-08 13:56:30
23.1,517,911.0,0.0,0.0,23.9,49.6,11.98,0.5,2017-05-08 13:56:45
23.1,518,911.0,0.0,0.0,23.9,49.6,11.98,0.5,2017-05-08 13:57:00
23.2,519,911.0,0.0,0.0,23.9,49.3,11.98,0.5,2017-05-08 13:57:15
23.2,520,911.0,0.0,0.0,23.93,49.3,11.98,0.5,2017-05-08 13:57:30
23.2,521,911.0,0.0,0.0,23.93,49.3,11.98,0.5,2017-05-08 13:57:45
23.2,522,911.0,0.0,0.0,23.93,49.3,11.97,0.5,2017-05-08 13:58:00
23.2,523,911.0,0.0,0.0,23.93,48.7,11.98,0.5,2017-05-08 13:58:15
23.2,524,911.0,0.0,0.0,23.93,48.7,11.97,0.5,2017-05-08 13:58:30
23.2,525,911.0,0.0,0.0,23.93,48.7,11.98,0.5,2017-05-08 13:58:45
23.2,526,911.0,0.0,0.0,23.93,48.7,11.97,0.5,2017-05-08 13:59:00
23.0,527,911.0,0.0,0.0,23.93,47.0,11.98,0.5,2017-05-08 13:59:15
23.0,528,911.0,0.0,0.0,23.93,47.0,11.98,0.5,2017-05-08 13:59:30
23.0,529,911.0,0.0,0.0,23.93,47.0,11.98,0.5,2017-05-08 13:59:45
23.0,530,911.0,0.0,0.0,23.93,47.0,11.97,0.5,2017-05-08 14:00:00
22.7,531,911.0,0.0,0.0,23.93,46.3,11.98,0.5,2017-05-08 14:00:15
22.7,532,911.0,0.0,0.0,23.93,46.3,11.98,0.5,2017-05-08 14:00:30
22.7,533,911.0,0.0,0.0,23.93,46.3,11.98,0.5,2017-05-08 14:00:45
22.7,534,911.0,0.0,0.0,23.9,46.3,11.98,0.5,2017-05-08 14:01:00
22.4,535,911.0,0.0,0.0,23.9,45.6,11.97,0.5,2017-05-08 14:01:15
22.4,536,911.0,0.0,0.0,23.87,45.6,11.98,0.5,2017-05-08 14:01:30
22.4,537,911.0,0.0,0.0,23.87,45.6,11.97,0.5,2017-05-08 14:01:45
22.4,538,911.0,0.0,0.0,23.87,45.6,11.98,0.5,2017-05-08 14:02:00
22.0,539,911.0,0.0,0.0,23.87,44.9,11.97,0.5,2017-05-08 14:02:15
22.0,540,911.0,0.0,0.0,23.87,44.9,11.97,0.5,2017-05-08 14:02:30
22.0,541,911.0,0.0,0.0,23.84,44.9,11.98,0.5,2017-05-08 14:02:45
22.0,542,911.0,0.0,0.0,23.84,44.9,11.97,0.5,2017-05-08 14:03:00
21.8,543,911.0,0.0,0.0,23.84,46.3,11.97,0.5,2017-05-08 14:03:15
21.8,544,911.0,0.0,0.0,23.81,46.3,11.97,0.5,2017-05-08 14:03:30
21.8,545,911.0,0.0,0.0,23.81,46.3,11.98,0.5,2017-05-08 14:03:45
21.8,546,911.0,0.0,0.0,23.81,46.3,11.97,0.5,2017-05-08 14:04:00
21.8,547,911.0,0.0,0.0,23.81,49.6,11.98,0.5,2017-05-08 14:04:15
21.8,548,911.0,0.0,0.0,23.81,49.6,11.97,0.5,2017-05-08 14:04:30
21.8,549,911.0,0.0,0.0,23.81,49.6,11.98,0.5,2017-05-08 14:04:45
21.8,550,911.0,0.0,0.0,23.81,49.6,11.97,0.6,2017-05-08 14:05:00
21.8,551,911.0,0.0,0.0,23.81,50.9,11.98,0.6,2017-05-08 14:05:15
21.8,552,911.0,0.0,0.0,23.81,50.9,11.97,0.6,2017-05-08 14:05:30
21.8,553,911.0,0.0,0.0,23.81,50.9,11.98,0.6,2017-05-08 14:05:45
21.8,554,911.0,0.0,0.0,23.81,50.9,11.98,0.6,2017-05-08 14:06:00
21.9,555,911.0,0.0,0.0,23.81,51.9,11.98,0.6,2017-05-08 14:06:15
21.9,556,911.0,0.0,0.0,23.81,51.9,11.98,0.6,2017-05-08 14:06:30
21.9,557,911.0,0.0,0.0,23.81,51.9,11.98,0.6,2017-05-08 14:06:45
21.9,558,911.0,0.0,0.0,23.81,51.9,11.97,0.6,2017-05-08 14:07:00
22.0,559,911.0,0.0,0.0,23.81,51.8,11.97,0.6,2017-05-08 14:07:15
22.0,560,911.0,0.0,0.0,23.81,51.8,11.97,0.6,2017-05-08 14:07:30
22.0,561,911.0,0.0,0.0,23.81,51.8,11.97,0.6,2017-05-08 14:07:45
22.0,562,911.0,0.0,0.0,23.81,51.8,11.97,0.6,2017-05-08 14:08:00
22.2,563,911.0,0.0,0.0,23.81,50.9,11.97,0.6,2017-05-08 14:08:15
22.2,564,911.0,0.0,0.0,23.81,50.9,11.97,0.6,2017-05-08 14:08:30
22.2,565,911.0,0.0,0.0,23.81,50.9,11.97,0.6,2017-05-08 14:08:45
22.2,566,911.0,0.0,0.0,23.84,50.9,11.98,0.6,2017-05-08 14:09:00
22.4,567,911.0,0.0,0.0,23.84,49.5,11.97,0.6,2017-05-08 14:09:15
22.4,568,911.0,0.0,0.0,23.84,49.5,11.97,0.6,2017-05-08 14:09:30
22.4,569,911.0,0.0,0.0,23.84,49.5,11.98,0.6,2017-05-08 14:09:45
22.4,570,911.0,0.0,0.0,23.87,49.5,11.98,0.6,2017-05-08 14:10:00
22.6,571,911.0,0.0,0.0,23.87,48.4,11.97,0.6,2017-05-08 14:10:15
22.6,572,911.0,0.0,0.0,23.87,48.4,11.98,0.6,2017-05-08 14:10:30
22.6,573,911.0,0.0,0.0,23.87,48.4,11.97,0.6,2017-05-08 14:10:45
22.6,574,911.0,0.0,0.0,23.87,48.4,11.97,0.6,2017-05-08 14:11:00
22.8,575,911.0,0.0,0.0,23.9,46.8,11.97,0.6,2017-05-08 14:11:15
22.8,576,911.0,0.0,0.0,23.9,46.8,11.98,0.6,2017-05-08 14:11:30
22.8,577,911.0,0.0,0.0,23.9,46.8,11.98,0.6,2017-05-08 14:11:45
22.8,578,911.0,0.0,0.0,23.93,46.8,11.98,0.7,2017-05-08 14:12:00
23.0,579,911.0,0.0,0.0,23.93,46.1,11.98,0.7,2017-05-08 14:12:15
23.0,580,911.0,0.0,0.0,23.93,46.1,11.98,0.7,2017-05-08 14:12:30
23.0,581,911.0,0.0,0.0,23.93,46.1,11.97,0.7,2017-05-08 14:12:45
23.0,582,911.0,0.0,0.0,23.96,46.1,11.98,0.7,2017-05-08 14:13:00
23.1,583,911.0,0.0,0.0,23.96,45.6,11.98,0.7,2017-05-08 14:13:15
23.1,584,911.0,0.0,0.0,23.99,45.6,11.97,0.7,2017-05-08 14:13:30
23.1,585,911.0,0.0,0.0,23.99,45.6,11.97,0.7,2017-05-08 14:13:45
23.1,586,911.0,0.0,0.0,23.99,45.6,11.98,0.7,2017-05-08 14:14:00
23.2,587,911.0,0.0,0.0,23.99,45.1,11.98,0.7,2017-05-08 14:14:15
23.2,588,911.0,0.0,0.0,23.99,45.1,11.98,0.7,2017-05-08 14:14:30
23.2,589,911.0,0.0,0.0,24.01,45.1,11.98,0.7,2017-05-08 14:14:45
23.2,590,911.0,0.0,0.0,24.04,45.1,11.97,0.7,2017-05-08 14:15:00
23.3,591,911.0,0.0,0.0,24.04,44.6,11.97,0.7,2017-05-08 14:15:15
23.3,592,911.0,0.0,0.0,24.04,44.6,11.98,0.7,2017-05-08 14:15:30
23.3,593,911.0,0.0,0.0,24.04,44.6,11.98,0.7,2017-05-08 14:15:45
23.3,594,911.0,0.0,0.0,24.07,44.6,11.98,0.7,2017-05-08 14:16:00
23.4,595,911.0,0.0,0.0,24.07,44.6,11.98,0.7,2017-05-08 14:16:15
23.4,596,911.0,0.0,0.0,24.07,44.6,11.98,0.7,2017-05-08 14:16:30
23.4,597,911.0,0.0,0.0,24.1,44.6,11.98,0.7,2017-05-08 14:16:45
23.4,598,911.0,0.0,0.0,24.1,44.6,11.98,0.7,2017-05-08 14:17:00
23.3,599,911.0,0.0,0.0,24.1,43.5,11.98,0.7,2017-05-08 14:17:15
23.3,600,911.0,0.0,0.0,24.1,43.5,11.98,0.7,2017-05-08 14:17:30
23.3,601,911.0,0.0,0.0,24.1,43.5,11.98,0.7,2017-05-08 14:17:45
23.3,602,911.0,0.0,0.0,24.1,43.5,11.98,0.7,2017-05-08 14:18:00
23.0,603,911.0,0.0,0.0,24.1,43.2,11.98,0.7,2017-05-08 14:18:15
23.0,604,911.0,0.0,0.0,24.1,43.2,11.98,0.7,2017-05-08 14:18:30
23.0,605,911.0,0.0,0.0,24.1,43.2,11.98,0.7,2017-05-08 14:18:45
23.0,606,911.0,0.0,0.0,24.1,43.2,11.98,0.7,2017-05-08 14:19:00
22.6,607,911.0,0.0,0.0,24.1,42.7,11.98,0.7,2017-05-08 14:19:15
22.6,608,911.0,0.0,0.0,24.1,42.7,11.98,0.7,2017-05-08 14:19:30
22.6,609,911.0,0.0,0.0,24.1,42.7,11.98,0.7,2017-05-08 14:19:45
22.6,610,911.0,0.0,0.0,24.07,42.7,11.98,0.7,2017-05-08 14:20:00
22.3,611,911.0,0.0,0.0,24.07,42.7,11.98,0.7,2017-05-08 14:20:15
22.3,612,911.0,0.0,0.0,24.07,42.7,11.98,0.7,2017-05-08 14:20:30
22.3,613,911.0,0.0,0.0,24.04,42.7,11.98,0.7,2017-05-08 14:20:45
22.3,614,911.0,0.0,0.0,24.04,42.7,11.98,0.7,2017-05-08 14:21:00
22.0,615,911.0,0.0,0.0,24.04,44.2,11.97,0.7,2017-05-08 14:21:15
22.0,616,911.0,0.0,0.0,24.04,44.2,11.98,0.7,2017-05-08 14:21:30
22.0,617,911.0,0.0,0.0,24.01,44.2,11.98,0.7,2017-05-08 14:21:45
22.0,618,911.0,0.0,0.0,24.01,44.2,11.98,0.7,2017-05-08 14:22:00
22.0,619,911.0,0.0,0.0,24.01,47.3,11.98,0.7,2017-05-08 14:22:15
22.0,620,911.0,0.0,0.0,24.01,47.3,11.98,0.7,2017-05-08 14:22:30
22.0,621,911.0,0.0,0.0,24.01,47.3,11.97,0.7,2017-05-08 14:22:45
22.0,622,911.0,0.0,0.0,23.99,47.3,11.98,0.7,2017-05-08 14:23:00
22.1,623,911.0,0.0,0.0,23.99,49.0,11.97,0.7,2017-05-08 14:23:15
22.1,624,911.0,0.0,0.0,23.99,49.0,11.98,0.7,2017-05-08 14:23:30
22.1,625,911.0,0.0,0.0,23.99,49.0,11.97,0.7,2017-05-08 14:23:45
22.1,626,911.0,0.0,0.0,24.01,49.0,11.97,0.7,2017-05-08 14:24:00
22.3,627,911.0,0.0,0.0,23.99,49.5,11.97,0.7,2017-05-08 14:24:15
22.3,628,911.0,0.0,0.0,23.99,49.5,11.97,0.7,2017-05-08 14:24:30
22.3,629,911.0,0.0,0.0,23.99,49.5,11.98,0.7,2017-05-08 14:24:45
22.3,630,911.0,0.0,0.0,23.99,49.5,11.97,0.7,2017-05-08 14:25:00
22.4,631,911.0,0.0,0.0,24.01,49.3,11.98,0.7,2017-05-08 14:25:15
22.4,632,911.0,0.0,0.0,24.01,49.3,11.98,0.7,2017-05-08 14:25:30
22.4,633,911.0,0.0,0.0,24.01,49.3,11.97,0.7,2017-05-08 14:25:45
22.4,634,911.0,0.0,0.0,24.01,49.3,11.97,0.7,2017-05-08 14:26:00
22.6,635,911.0,0.0,0.0,24.01,48.7,11.97,0.7,2017-05-08 14:26:15
22.6,636,911.0,0.0,0.0,24.01,48.7,11.97,1.6,2017-05-08 14:26:30
22.6,637,911.0,0.0,0.0,24.04,48.7,11.98,1.6,2017-05-08 14:26:45
22.6,638,911.0,0.0,0.0,24.04,48.7,11.98,1.6,2017-05-08 14:27:00
23.0,639,911.0,0.0,0.0,24.07,48.2,11.98,1.6,2017-05-08 14:27:15
23.0,640,911.0,0.0,0.0,24.07,48.2,11.98,1.6,2017-05-08 14:27:30
23.0,641,911.0,0.0,0.0,24.07,48.2,11.98,1.6,2017-05-08 14:27:45
23.0,642,911.0,0.0,0.0,24.1,48.2,11.98,1.6,2017-05-08 14:28:00
23.1,643,911.0,0.0,0.0,24.1,46.4,11.97,1.6,2017-05-08 14:28:15
23.1,644,911.0,0.0,0.0,24.1,46.4,11.97,1.6,2017-05-08 14:28:30
23.1,645,911.0,0.0,0.0,24.1,46.4,11.98,1.6,2017-05-08 14:28:45
23.1,646,911.0,0.0,0.0,24.1,46.4,11.98,1.6,2017-05-08 14:29:00
22.8,647,911.0,0.0,0.0,24.1,45.7,11.98,1.6,2017-05-08 14:29:15
22.8,648,911.0,0.0,0.0,24.1,45.7,11.98,1.6,2017-05-08 14:29:30
22.8,649,911.0,0.0,0.0,24.1,45.7,11.98,1.6,2017-05-08 14:29:45
22.8,650,911.0,0.0,0.0,24.1,45.7,11.98,1.6,2017-05-08 14:30:00
22.4,651,911.0,0.0,0.0,24.1,45.5,11.98,1.6,2017-05-08 14:30:15
22.4,652,911.0,0.0,0.0,24.1,45.5,11.98,1.6,2017-05-08 14:30:30
22.4,653,911.0,0.0,0.0,24.1,45.5,11.97,1.6,2017-05-08 14:30:45
22.4,654,911.0,0.0,0.0,24.1,45.5,11.98,1.6,2017-05-08 14:31:00
22.0,655,911.0,0.0,0.0,24.1,45.3,11.97,1.6,2017-05-08 14:31:15
22.0,656,911.0,0.0,0.0,24.07,45.3,11.98,1.6,2017-05-08 14:31:30
22.0,657,911.0,0.0,0.0,24.07,45.3,11.98,1.6,2017-05-08 14:31:45
22.0,658,911.0,0.0,0.0,24.07,45.3,11.98,1.6,2017-05-08 14:32:00
21.8,659,911.0,0.0,0.0,24.04,46.6,11.98,1.6,2017-05-08 14:32:15
21.8,660,911.0,0.0,0.0,24.04,46.6,11.98,1.6,2017-05-08 14:32:30
21.8,661,911.0,0.0,0.0,24.04,46.6,11.98,1.6,2017-05-08 14:32:45
21.8,662,911.0,0.3,343.5,24.04,46.6,11.98,1.6,2017-05-08 14:33:00
21.8,663,911.0,0.3,343.5,24.04,49.2,11.98,1.6,2017-05-08 14:33:15
21.8,664,911.0,0.3,343.5,24.04,49.2,11.98,1.6,2017-05-08 14:33:30
21.8,665,911.0,0.4,347.4,24.01,49.2,11.98,1.6,2017-05-08 14:33:45
21.8,666,911.0,0.4,347.4,24.04,49.2,11.97,1.6,2017-05-08 14:34:00
22.0,667,911.0,0.4,347.4,24.01,51.5,11.97,1.6,2017-05-08 14:34:15
22.0,668,911.0,0.4,347.4,24.01,51.5,11.97,1.6,2017-05-08 14:34:30
22.0,669,911.0,0.4,350.8,24.01,51.5,11.98,1.6,2017-05-08 14:34:45
22.0,670,911.0,0.4,350.8,24.04,51.5,11.98,1.6,2017-05-08 14:35:00
22.1,671,911.0,0.4,350.8,24.01,51.7,11.98,1.6,2017-05-08 14:35:15
22.1,672,911.0,0.4,350.8,24.04,51.7,11.97,1.6,2017-05-08 14:35:30
22.1,673,911.0,0.5,354.0,24.04,51.7,11.97,1.3,2017-05-08 14:35:45
22.1,674,911.0,0.5,354.0,24.04,51.7,11.98,1.3,2017-05-08 14:36:00
22.3,675,911.0,0.5,354.0,24.04,51.2,11.98,1.3,2017-05-08 14:36:15
22.3,676,911.0,0.5,353.9,24.04,51.2,11.97,1.3,2017-05-08 14:36:30
22.3,677,911.0,0.5,353.9,24.04,51.2,11.97,1.3,2017-05-08 14:36:45
22.3,678,911.0,0.5,353.9,24.04,51.2,11.98,1.3,2017-05-08 14:37:00
22.5,679,911.0,0.5,353.9,24.04,50.7,11.98,1.3,2017-05-08 14:37:15
22.5,680,911.0,0.5,353.8,24.04,50.7,11.97,1.4,2017-05-08 14:37:30
22.5,681,911.0,0.5,353.8,24.04,50.7,11.98,1.4,2017-05-08 14:37:45
22.5,682,911.0,0.5,353.8,24.07,50.7,11.98,1.4,2017-05-08 14:38:00
22.8,683,911.0,0.5,353.8,24.07,49.8,11.98,1.4,2017-05-08 14:38:15
22.8,684,911.0,0.5,354.3,24.07,49.8,11.98,1.4,2017-05-08 14:38:30
22.8,685,911.0,0.5,354.3,24.1,49.8,11.98,1.4,2017-05-08 14:38:45
22.8,686,911.0,0.5,354.3,24.1,49.8,11.98,1.4,2017-05-08 14:39:00
23.0,687,911.0,0.5,354.3,24.1,48.8,11.98,1.4,2017-05-08 14:39:15
23.0,688,911.0,0.5,354.5,24.1,48.8,11.98,1.4,2017-05-08 14:39:30
23.0,689,911.0,0.5,354.5,24.13,48.8,11.98,1.4,2017-05-08 14:39:45
23.0,690,911.0,0.5,354.5,24.13,48.8,11.97,1.4,2017-05-08 14:40:00
23.2,691,911.0,0.5,354.4,24.16,47.9,11.99,1.4,2017-05-08 14:40:15
23.2,692,911.0,0.5,354.4,24.16,47.9,11.97,1.4,2017-05-08 14:40:30
23.2,693,911.0,0.5,354.4,24.16,47.9,11.97,1.4,2017-05-08 14:40:45
23.2,694,911.0,0.5,354.4,24.16,47.9,11.97,1.4,2017-05-08 14:41:00
23.1,695,911.0,0.5,354.2,24.19,46.3,11.98,1.4,2017-05-08 14:41:15
23.1,696,911.0,0.5,354.2,24.19,46.3,11.98,1.4,2017-05-08 14:41:30
23.1,697,911.0,0.5,354.2,24.19,46.3,11.97,1.4,2017-05-08 14:41:45
23.1,698,911.0,0.5,354.2,24.19,46.3,11.98,1.4,2017-05-08 14:42:00
22.7,699,911.0,0.4,353.9,24.19,45.8,11.98,1.4,2017-05-08 14:42:15
22.7,700,911.0,0.4,353.9,24.22,45.8,11.98,1.4,2017-05-08 14:42:30
22.7,701,911.0,0.4,353.9,24.22,45.8,11.98,1.4,2017-05-08 14:42:45
